gender,name.title,name.first,name.last,location.street,location.city,location.state,location.postcode,location.coordinates.latitude,location.coordinates.longitude,location.timezone.offset,location.timezone.description,email,login.uuid,login.username,login.password,login.salt,login.md5,login.sha1,login.sha256,dob.date,dob.age,registered.date,registered.age,phone,cell,id.name,id.value,picture.large,picture.medium,picture.thumbnail,nat
male,mr,wyatt,campbell,3614 prospect rd,jersey city,rhode island,20979,-89.7027,-89.9859,-5:00,Eastern Time (US & Canada), Bogota, Lima,wyatt.campbell@example.com,f135a7c1-85b4-4ae6-a054-74051803686c,greenfish543,5329,HwRsN6x5,1ee5fd12dee1185a6dc6ce8e7aadd097,cc3cf81aee081198e7320c864b1b865bfea1a25c,e4ecc8d9eb70026cdede8aaa9506418cf79f18447ee1f63dcb37793baa69c641,1959-12-26T23:41:16Z,58,2002-11-19T12:11:18Z,15,(050)-245-4772,(180)-715-7309,SSN,205-10-5167,https://randomuser.me/api/portraits/men/35.jpg,https://randomuser.me/api/portraits/med/men/35.jpg,https://randomuser.me/api/portraits/thumb/men/35.jpg,US
female,mrs,barbara,knight,3338 park lane,birmingham,derbyshire,WY72 6RB,46.9627,-73.9896,-11:00,Midway Island, Samoa,barbara.knight@example.com,2e0c29c5-1f31-4820-829b-ca28505914d1,silverdog658,poodle,hu0Ng1C5,b12b002e7465c1ba0ba700022e7999b3,648da43021aa7204757ec6f8e1a2c89545e97f9d,76d57a5b466b6cb5d84402ffcd1bf57c2df80dac67ee2d5ce8748405e9cb3b54,1966-09-11T18:24:32Z,52,2005-05-21T23:08:15Z,13,015396 49707,0774-333-995,NINO,GB 92 59 91 Y,https://randomuser.me/api/portraits/women/18.jpg,https://randomuser.me/api/portraits/med/women/18.jpg,https://randomuser.me/api/portraits/thumb/women/18.jpg,GB
female,miss,diane,gonzalez,1145 park avenue,aberdeen,leicestershire,TU9 5ZT,-30.9511,179.7404,+4:00,Abu Dhabi, Muscat, Baku, Tbilisi,diane.gonzalez@example.com,a1d7ebc2-9633-4e6b-a881-8da825d8fe91,redleopard744,attitude,IfxuIWv6,f92ee6e86e981f3fb9ff134cab4ec2d2,68498d12d582f471dfcafab661475b44ec2e8ae8,711e65eb1fb198f6ea66e3824cf7bdbd82f5709fc3568a0e174982f41b289f43,1955-03-30T11:05:22Z,63,2008-03-07T18:08:55Z,10,017683 00893,0768-922-285,NINO,KA 37 55 10 Z,https://randomuser.me/api/portraits/women/54.jpg,https://randomuser.me/api/portraits/med/women/54.jpg,https://randomuser.me/api/portraits/thumb/women/54.jpg,GB
female,ms,mattie,long,3412 karen dr,scurry,kansas,18313,87.1907,133.4643,-9:00,Alaska,mattie.long@example.com,7340683a-c50c-4de5-87c6-e42fc5607ee5,sadduck421,chopper,xBHhux7r,9c7deb669270b83c6215adbd19677242,0358af2a8640746bab69239983ce3a2a79f4a0d3,67e284558e905543d10139ef852129f36f51a4dfbf3223995c7d62f9dba98767,1965-08-09T07:46:40Z,53,2005-07-17T06:34:44Z,13,(768)-246-0639,(598)-597-4690,SSN,843-35-4983,https://randomuser.me/api/portraits/women/91.jpg,https://randomuser.me/api/portraits/med/women/91.jpg,https://randomuser.me/api/portraits/thumb/women/91.jpg,US
female,ms,tracy,ryan,2120 first street,anaheim,new jersey,85862,-77.1848,156.0911,-12:00,Eniwetok, Kwajalein,tracy.ryan@example.com,b37fb0c0-20d8-43b9-8631-adb3389db3ac,orangebird755,miller1,94QaU4Oq,42ab676abe950a24a5335cb0c3037cde,6ac18a673e64636c722c385c0baa3bb28cdc95e9,45103cebc5aca7d80fbe672ce57d4636dde5dce365bcbe27d5694b3857af7724,1970-03-10T19:56:21Z,48,2016-09-02T07:06:44Z,2,(460)-449-3445,(379)-132-4342,SSN,317-24-3470,https://randomuser.me/api/portraits/women/37.jpg,https://randomuser.me/api/portraits/med/women/37.jpg,https://randomuser.me/api/portraits/thumb/women/37.jpg,US
male,mr,eric,cunningham,2145 first street,surrey,iowa,31478,77.1779,-153.3634,+5:00,Ekaterinburg, Islamabad, Karachi, Tashkent,eric.cunningham@example.com,09535097-f1a2-4a63-a671-7057b6555fe8,lazybutterfly744,data,7TjUslKu,b94eb1e99a3c5cbe24831e8df2d9c6fa,8fd6e08ec2df168e3bc55b39c9b596309be467b5,f6294c3b2601550cf283e03cac3f2d625ca083d6009afe4144296ccfb5566520,1958-01-31T04:13:25Z,60,2006-03-02T06:03:04Z,12,(234)-808-7284,(057)-883-2917,SSN,914-35-8489,https://randomuser.me/api/portraits/men/2.jpg,https://randomuser.me/api/portraits/med/men/2.jpg,https://randomuser.me/api/portraits/thumb/men/2.jpg,US
female,miss,sue,myers,2596 spring st,tucson,new york,97172,-10.6324,-162.6067,+10:00,Eastern Australia, Guam, Vladivostok,sue.myers@example.com,53b01217-a288-4fa1-9fc4-9a0244fa3dcf,organicbear624,halifax,blRGgVJP,0c4a29566901640e82bcca6bdd9d6bbc,28a6fc1a3019986c38f0ef5662d732f63453099e,f0dfc49efb50fa24cc707e900da37c60dce67cdedb0d37095a446cc227a84578,1997-05-16T00:47:06Z,21,2004-10-20T07:04:53Z,14,(073)-387-1969,(896)-707-1418,SSN,946-41-5085,https://randomuser.me/api/portraits/women/89.jpg,https://randomuser.me/api/portraits/med/women/89.jpg,https://randomuser.me/api/portraits/thumb/women/89.jpg,US
male,mr,enrique,cook,685 first street,hialeah,washington,96921,-89.2238,174.9138,-3:30,Newfoundland,enrique.cook@example.com,18931f49-ff1f-4dd4-9291-909691658c5e,blacktiger739,town,UmM7OYo0,d8da61239ee4d6ddf164bd39af3d5d4e,8b3a0ae396d3753c07fbb2910b39c7862301ce66,83f5ce528c8d8ba6316040cca3dd36d307dc2ddecb3ab5ab54e714832945d244,1977-09-27T08:36:36Z,41,2016-02-04T13:51:40Z,2,(598)-274-9231,(724)-617-7468,SSN,564-42-6449,https://randomuser.me/api/portraits/men/36.jpg,https://randomuser.me/api/portraits/med/men/36.jpg,https://randomuser.me/api/portraits/thumb/men/36.jpg,US
male,mr,randall,riley,4674 st. john’s road,lichfield,shropshire,NC9B 9YD,-71.8116,64.1594,-8:00,Pacific Time (US & Canada),randall.riley@example.com,8b3592b8-8543-4ecb-add0-62ab5215afe8,silverwolf192,chang,hnSKPF00,a7fc2ca1d1d4896fbd54b6ad711593f0,68043bdc44a9e631bd1e83303310ad2b048443d6,559bf1f6f0a86f6a79dd93c8915849c5ed8cd220697add1302375df9cb8234d2,1962-03-21T11:04:19Z,56,2004-07-09T18:58:45Z,14,0161 935 4846,0719-677-894,NINO,EH 46 51 67 O,https://randomuser.me/api/portraits/men/58.jpg,https://randomuser.me/api/portraits/med/men/58.jpg,https://randomuser.me/api/portraits/thumb/men/58.jpg,GB
female,miss,suzanna,terry,6567 high street,exeter,west glamorgan,WV02 9AD,-4.7755,138.4075,-2:00,Mid-Atlantic,suzanna.terry@example.com,79e8dade-ec33-49b5-9f75-5bbd27e98782,sadpeacock817,duchess,7zO0UfBh,efc02d0c0492d82cc6452c63c0797365,4d573dbd449d614ae33b8aa7db898191ff7870c5,ec085004138d25d93f4574df7e095771997af50ef024582d58f3dae75866f9da,1995-12-02T23:32:41Z,22,2017-07-28T02:57:47Z,1,0181 359 7995,0722-738-716,NINO,LE 25 34 06 X,https://randomuser.me/api/portraits/women/79.jpg,https://randomuser.me/api/portraits/med/women/79.jpg,https://randomuser.me/api/portraits/thumb/women/79.jpg,GB
female,mrs,isabelle,fox,2293 green lane,aberdeen,central,H91 3ZB,35.0364,-124.0080,+5:30,Bombay, Calcutta, Madras, New Delhi,isabelle.fox@example.com,c0ed7ae0-0f60-4058-97d5-01cf69e696c0,whiteladybug746,abacab,0yVlup7R,7a175ab09c5bf09cfd26ace631d07649,be4830eb547e5c3cf4bd88ed32810f3371ac5d6d,8a7320db8a2a8afe1259893e5d45f0d82ce791dc3a0ea2a7daf6c995b0c6acff,1945-06-27T23:15:00Z,73,2014-07-30T02:39:36Z,4,016977 26502,0772-658-056,NINO,GZ 06 05 51 E,https://randomuser.me/api/portraits/women/82.jpg,https://randomuser.me/api/portraits/med/women/82.jpg,https://randomuser.me/api/portraits/thumb/women/82.jpg,GB
female,ms,carla,sullivan,1544 pecan acres ln,chandler,rhode island,99089,29.2074,-96.8662,+1:00,Brussels, Copenhagen, Madrid, Paris,carla.sullivan@example.com,0775d902-f1b6-4e07-b9ef-433d8c0cbdcc,blackzebra144,neville,yjoJph0q,a67ab3737694db79cbf5ad5b8d35b3b7,4988daa83509de507b4b4afcaee2d2593a02719e,9a33cffcf3863d67c57803ae68ab819d113cc12ccffbb83353c8df1fdb0cd17f,1977-10-03T18:22:42Z,41,2011-04-25T07:52:39Z,7,(838)-549-5532,(272)-950-8420,SSN,901-02-3014,https://randomuser.me/api/portraits/women/66.jpg,https://randomuser.me/api/portraits/med/women/66.jpg,https://randomuser.me/api/portraits/thumb/women/66.jpg,US
female,mrs,sandra,burke,8172 w gray st,athens,maryland,86075,84.4319,22.4603,+3:30,Tehran,sandra.burke@example.com,fb06d621-2f38-47ac-b423-bdfb69146350,bluekoala920,shooter,ds7hviKv,8ef40d02e8764016087e2f6bf49d4cfe,815f32c718a0a5dd37c4195b623c09e486eef7a4,faf5c31767de5bc9122c76076c5e8d5910f3835f0f52131e27dda8c9443defe2,1994-10-08T00:36:45Z,24,2009-04-20T02:19:36Z,9,(635)-807-3810,(249)-505-7084,SSN,217-26-9738,https://randomuser.me/api/portraits/women/72.jpg,https://randomuser.me/api/portraits/med/women/72.jpg,https://randomuser.me/api/portraits/thumb/women/72.jpg,US
female,ms,phoebe,sims,6887 george street,nottingham,county tyrone,M8S 0NN,-19.8280,80.3632,+6:00,Almaty, Dhaka, Colombo,phoebe.sims@example.com,8820f39a-8c25-46d5-9678-156f43b3563f,happysnake390,runaway,YJAIl6yz,5e6222c9a9b67cbf81e3ff98ad92ef91,857c49a6cbab15de20780a1dcd9cdb82a9cb27bd,7f5782a925c50798d8cf151c1a80fc7a23ebafd8205dd780e5de97f5aef8df76,1994-10-15T09:00:32Z,24,2010-01-11T21:35:10Z,8,015394 66139,0731-303-561,NINO,XC 29 65 41 Z,https://randomuser.me/api/portraits/women/56.jpg,https://randomuser.me/api/portraits/med/women/56.jpg,https://randomuser.me/api/portraits/thumb/women/56.jpg,GB
female,miss,molly,garza,3875 the crescent,chester,worcestershire,E4 6HJ,49.8676,38.3701,+10:00,Eastern Australia, Guam, Vladivostok,molly.garza@example.com,e37a0a6f-9fd9-4fc7-af0d-75487ed61ffc,brownfish264,stream,0p8vNZCf,6e7ad4e594c8c253aec61744df438332,806c71fb8efac8bda09dd44988a9adaf5935a25e,804a4c9acd7e573996ee32ab8985602aa4755dc8042fe48247e24ebae066b50d,1961-11-03T07:28:14Z,57,2010-03-27T17:53:34Z,8,017687 13202,0751-626-102,NINO,RG 25 97 12 U,https://randomuser.me/api/portraits/women/81.jpg,https://randomuser.me/api/portraits/med/women/81.jpg,https://randomuser.me/api/portraits/thumb/women/81.jpg,GB
female,ms,melissa,griffin,1433 w pecan st,lakeland,illinois,99902,89.9432,-173.2272,+3:30,Tehran,melissa.griffin@example.com,3409dfeb-0bea-4498-9b7e-67b176f57685,smallpanda454,airforce,vPsM2etY,e37a3a631d175ae5db22ed405f76b444,5e3dfa37998f4e3c8fb2a50d887a69d6678f6b54,4f17403ea86d2e7a361adcfd52a6a5f6bce341c531374c33447e48f6273348ae,1973-12-03T08:58:42Z,44,2003-06-06T18:19:14Z,15,(734)-316-9984,(828)-836-6083,SSN,538-62-9049,https://randomuser.me/api/portraits/women/40.jpg,https://randomuser.me/api/portraits/med/women/40.jpg,https://randomuser.me/api/portraits/thumb/women/40.jpg,US
male,mr,virgil,graham,2723 west street,liverpool,staffordshire,R9U 6EA,48.3601,151.9702,-12:00,Eniwetok, Kwajalein,virgil.graham@example.com,14375734-1b36-457b-8044-2b34e43fb2c4,brownelephant698,cannon,n8y8kqIW,aa8f75b56b0b4898e2d590d184440b9d,be106be3a01e026d71ae90bbd7e5a3cb901d83cf,7201af38728cad92aefd0bceafeab778e47b2a57a2c644da3590277204627aeb,1978-07-19T18:51:43Z,40,2012-06-27T16:55:29Z,6,016977 37355,0734-413-892,NINO,OR 22 19 55 P,https://randomuser.me/api/portraits/men/19.jpg,https://randomuser.me/api/portraits/med/men/19.jpg,https://randomuser.me/api/portraits/thumb/men/19.jpg,GB
male,mr,francis,montgomery,4222 plum st,flint,minnesota,33992,-56.3568,31.0699,+10:00,Eastern Australia, Guam, Vladivostok,francis.montgomery@example.com,5481b430-456d-41db-8d60-9bee53f2bf27,crazycat843,thethe,h29RwzXh,14147c1a57ce09db6a7ccfbbcbe004a4,cc07ec7cd8ccbb8f6780eab8f40540ea19982c12,4290f58e65cff365e215033b5e5a556cf421869b781ee372b0d9cbc478b52fd6,1975-02-20T21:03:53Z,43,2006-07-06T02:45:39Z,12,(876)-792-9456,(043)-958-1935,SSN,530-02-4921,https://randomuser.me/api/portraits/men/53.jpg,https://randomuser.me/api/portraits/med/men/53.jpg,https://randomuser.me/api/portraits/thumb/men/53.jpg,US
male,mr,josh,newman,7637 george street,ely,kent,W3 3JY,-18.9929,5.3113,-3:30,Newfoundland,josh.newman@example.com,d7df6aea-4f4c-4eaf-82b8-1c9a6909f2e1,bigduck203,christop,Di1QwnrU,e9b1d6589293367b996dfd451c3ac3d3,be083c9c93a3ebcd3ee1cd24796ebb431fbd6624,26c9f033a552fad22c4b2db7855d532fc5bdebd7d35e26fc61352f1a0120f675,1995-12-13T00:31:20Z,22,2015-08-28T09:55:58Z,3,015394 32017,0773-768-761,NINO,SX 13 33 17 J,https://randomuser.me/api/portraits/men/17.jpg,https://randomuser.me/api/portraits/med/men/17.jpg,https://randomuser.me/api/portraits/thumb/men/17.jpg,GB
male,mr,lewis,ellis,2945 westheimer rd,garland,alaska,54905,49.0759,-46.5622,-12:00,Eniwetok, Kwajalein,lewis.ellis@example.com,5db1eafe-eab0-4b17-9cf7-b7291d823424,silvercat336,skin,9bbOIB1m,be7dabe6fa7d890fe620dc02c76bf5d3,34ea4db1076007accca0fd095d50a4032d922528,465cfdd4630832f793c559a9752af5c0e7767a8eb7bafaa5d0dc24f0bb5e7264,1953-09-03T12:50:41Z,65,2004-06-03T01:52:20Z,14,(558)-692-5605,(323)-433-0036,SSN,270-25-9914,https://randomuser.me/api/portraits/men/11.jpg,https://randomuser.me/api/portraits/med/men/11.jpg,https://randomuser.me/api/portraits/thumb/men/11.jpg,US
female,ms,ella,cox,1751 mill road,southampton,hertfordshire,V6X 5NH,-77.6734,-75.8187,-6:00,Central Time (US & Canada), Mexico City,ella.cox@example.com,6efb3afa-d3fe-42eb-ad58-fd4c7e452b37,blackbear847,safari,1Grxf5N8,fe4265a1269988770991cfb87803762a,a5a3dce442c6452b58625dba8cfb4071de0e2c59,0d6b5035e730dd8525b25bdc870f7694947e2e13007dde8035d9d38d7a406838,1947-04-18T18:26:36Z,71,2016-07-31T17:58:45Z,2,019467 10549,0769-020-306,NINO,ME 37 09 68 S,https://randomuser.me/api/portraits/women/32.jpg,https://randomuser.me/api/portraits/med/women/32.jpg,https://randomuser.me/api/portraits/thumb/women/32.jpg,GB
male,mr,chris,sanders,4804 chester road,ripon,west glamorgan,PQ3S 9XZ,22.7963,-119.7560,-10:00,Hawaii,chris.sanders@example.com,bc69d897-74a6-46f9-9cc2-7c7c623b9a8f,redbear112,barry,9QJUY8pV,73818814c1c2e373d3ac976453aec3e6,c1936572ff1f5d7ab41962b5448f4615a2e738b8,1ea3d9e36ef39c426a50dceb1c1e36d77c8830a1d7fb6e7e81d1892bb8d0bf22,1973-01-08T01:42:25Z,45,2018-06-10T23:28:07Z,0,019467 13459,0731-926-642,NINO,LH 79 03 21 I,https://randomuser.me/api/portraits/men/58.jpg,https://randomuser.me/api/portraits/med/men/58.jpg,https://randomuser.me/api/portraits/thumb/men/58.jpg,GB
male,mr,jorge,anderson,4101 the avenue,westminster,avon,QL66 8YR,87.4613,-102.6819,-11:00,Midway Island, Samoa,jorge.anderson@example.com,cf152975-5fc8-4327-ad96-c7a59d1b5f23,orangebear499,carpedie,wzFd5iMc,11396c2cab06125882835219ca8a35e0,3c602095dcc583ca294ea9281c4e42bbd4e18177,ff6b89fe177fa4eab457f73bde08a3ff2273526a99ceedfde30ed506a20c1709,1945-04-08T02:19:43Z,73,2014-04-30T23:48:22Z,4,01055 886148,0769-952-645,NINO,MC 95 39 61 L,https://randomuser.me/api/portraits/men/56.jpg,https://randomuser.me/api/portraits/med/men/56.jpg,https://randomuser.me/api/portraits/thumb/men/56.jpg,GB
male,mr,ray,taylor,2181 north street,portsmouth,avon,W5G 7HR,41.6268,-91.6075,+9:00,Tokyo, Seoul, Osaka, Sapporo, Yakutsk,ray.taylor@example.com,dae687d7-ad93-4de8-b792-3365009389fd,redladybug925,springer,kj9dTq4X,d7766055edbb45d3f7804a02d92aa1fd,282967db8dd12648663f33b0f9b27033e69dd8f2,aed727ae82251486db06856060eda6642c71dca7da98cfd892768b4af2554cac,1974-07-31T12:09:39Z,44,2005-07-09T19:19:31Z,13,017684 54869,0737-542-647,NINO,LN 87 86 14 C,https://randomuser.me/api/portraits/men/94.jpg,https://randomuser.me/api/portraits/med/men/94.jpg,https://randomuser.me/api/portraits/thumb/men/94.jpg,GB
female,ms,edna,neal,8996 cherry st,waterbury,new york,17306,-47.1068,130.5012,-8:00,Pacific Time (US & Canada),edna.neal@example.com,c32fdbfb-1965-45a5-b6ad-36c639158fe2,ticklishgorilla251,load,NbARZfoq,915855365ce3471253e8145c2c94f2af,c7e6d97d8fd5bdfa2a4a4a319cb3db422addcf6c,3bfb82db04c66298d4d4348e2b0e370fd6d5f33309fbb1abb3b6bacc9f9cb239,1971-05-14T07:25:02Z,47,2017-03-31T06:08:02Z,1,(651)-396-3289,(789)-272-7656,SSN,824-03-4904,https://randomuser.me/api/portraits/women/36.jpg,https://randomuser.me/api/portraits/med/women/36.jpg,https://randomuser.me/api/portraits/thumb/women/36.jpg,US
female,miss,elsie,king,238 groveland terrace,kent,oregon,56687,-53.6420,-175.3448,+9:00,Tokyo, Seoul, Osaka, Sapporo, Yakutsk,elsie.king@example.com,e930d6ac-747d-4d72-b32e-acbdf75aa688,lazyleopard491,barefoot,bFgDr5cP,52e5d0a0590750b86753974f91beae85,8890f6473ae1ec244eafe1b8958b90a967123bbe,4dbae58c61490efe0c0a91e49e1553a3264fad0c0de48d8ca527f48dbf29579d,1992-04-07T08:43:43Z,26,2003-07-18T08:56:49Z,15,(692)-235-7349,(331)-108-7801,SSN,696-76-3263,https://randomuser.me/api/portraits/women/5.jpg,https://randomuser.me/api/portraits/med/women/5.jpg,https://randomuser.me/api/portraits/thumb/women/5.jpg,US
female,miss,amy,lynch,2614 north street,stirling,dorset,QI3D 6SD,80.1638,9.6218,-6:00,Central Time (US & Canada), Mexico City,amy.lynch@example.com,72aaf483-d120-48d3-b81e-1ee24df68ab2,angrypeacock410,truck1,isJupJMD,cbc0a07d6afc50d3f73ac0e0f39b8f10,f4e212075668921dbef9e4dd23e2a3eadd7f9b3c,06d1aaf54f88dfe1c2e31acb8cb3810897c42dd385daab6642d1912ecad9d78b,1957-05-27T14:00:39Z,61,2016-03-31T23:27:13Z,2,0111 678 3999,0729-805-649,NINO,HA 73 35 95 C,https://randomuser.me/api/portraits/women/86.jpg,https://randomuser.me/api/portraits/med/women/86.jpg,https://randomuser.me/api/portraits/thumb/women/86.jpg,GB
male,mr,callum,watts,6560 queensway,belfast,county antrim,BH64 8NY,-37.6333,-24.9153,+4:30,Kabul,callum.watts@example.com,a92ac9bf-ee05-4a45-a7f6-afc1715bbcff,tinyswan883,oscar1,DZc3ZbMB,a1038ea96d470a2df7bc64a1e5050b30,75caeb334bbd25dafeb3a2d0f312c88ebad1628a,fd16bc1527b3d949d9f2a366b52032c2f12bd1ab04e308b75ef61bc0290960ed,1992-01-08T18:22:42Z,26,2014-10-28T21:30:47Z,4,015395 26713,0717-425-764,NINO,KP 48 02 73 M,https://randomuser.me/api/portraits/men/80.jpg,https://randomuser.me/api/portraits/med/men/80.jpg,https://randomuser.me/api/portraits/thumb/men/80.jpg,GB
male,mr,erik,simmmons,7544 fairview road,belfast,devon,C7S 1TZ,58.0217,133.3287,+7:00,Bangkok, Hanoi, Jakarta,erik.simmmons@example.com,995aeda8-c093-415d-92ee-fc8c6033d69f,smallmeercat560,inside,YRVUl6wJ,fc970c7aad2ecb108a7a50fc48af1ce4,346da82bd77718406b7c4eea0866b6423ab00d28,b000892728cac8fea452bbcc3e7fd13dc28d7e39960eeb824bbb401d3b829dba,1987-10-28T12:01:13Z,31,2003-05-30T13:10:19Z,15,016973 58794,0740-520-220,NINO,WJ 68 68 64 B,https://randomuser.me/api/portraits/men/62.jpg,https://randomuser.me/api/portraits/med/men/62.jpg,https://randomuser.me/api/portraits/thumb/men/62.jpg,GB
male,mr,hugh,garcia,5964 dogwood ave,columbus,iowa,72463,43.8806,172.5211,-6:00,Central Time (US & Canada), Mexico City,hugh.garcia@example.com,f94842f8-53ec-42c7-a46c-dbce4bfcfa24,sadpanda206,attack,CIJ74Wak,80726fd0063aa7692dd170b3e59d5370,b866a4bcac25d21c02fca3f9cbfba1f8a6cdd44b,d8a499b89ec7cb47be1e270425e413ba6029ace15f0c36bca64726c2c957ecae,1979-03-14T00:05:30Z,39,2004-09-21T00:56:43Z,14,(323)-830-3869,(000)-745-2011,SSN,389-22-9401,https://randomuser.me/api/portraits/men/67.jpg,https://randomuser.me/api/portraits/med/men/67.jpg,https://randomuser.me/api/portraits/thumb/men/67.jpg,US
male,mr,michael,ray,6652 hamilton ave,boulder,tennessee,70462,-16.9598,-120.2369,+4:30,Kabul,michael.ray@example.com,773d1024-8d0b-4e93-8de4-91b52326703d,blackpanda950,2468,A8j4mDN5,07bd70751373cbdf02780898c454fa5d,b17feaa642577dc6200ad02510e6aa7dcb3a576b,28578f0f4511d53bc412c3ec7c86f9239de10e4deec02243f98fa00155c5a809,1973-06-17T03:41:49Z,45,2008-08-03T23:16:18Z,10,(614)-177-6588,(712)-352-7491,SSN,831-82-1522,https://randomuser.me/api/portraits/men/52.jpg,https://randomuser.me/api/portraits/med/men/52.jpg,https://randomuser.me/api/portraits/thumb/men/52.jpg,US
female,mrs,florence,welch,5491 avondale ave,coral springs,minnesota,44839,-3.4473,-152.1608,+6:00,Almaty, Dhaka, Colombo,florence.welch@example.com,1808c6b3-8243-4c4e-b2a0-50c2b1251491,bluesnake565,history,eDdxxA7P,9aa2dac60b76ee687c5cfe2e70b4d2db,e3eb369f7dd7cca3ee6db9da8ddddef8958d15ed,f56bcf3894d64e352f720c6d032a57ec479c8cab7dac4677b07af2d45f819ffd,1964-08-23T15:05:53Z,54,2010-03-27T03:44:47Z,8,(970)-747-5014,(089)-432-4350,SSN,186-18-2849,https://randomuser.me/api/portraits/women/95.jpg,https://randomuser.me/api/portraits/med/women/95.jpg,https://randomuser.me/api/portraits/thumb/women/95.jpg,US
male,mr,tracy,shaw,3356 taylor st,anaheim,missouri,69896,-54.6994,-28.6790,+5:45,Kathmandu,tracy.shaw@example.com,91ed04f0-295d-4f41-b26f-950972395719,happybird570,sheldon,QDu9CT8s,d022a6c6039cce2be09cd8e6d91c35e1,37fc6b51f84d6b730d3de7b1bfdef66be3baf155,dca4b0443edf491048c91f210e0ea8033d210bd3eee6c872d35d0625cba5e343,1965-07-23T15:27:27Z,53,2004-03-21T05:59:21Z,14,(252)-972-1439,(174)-597-6119,SSN,679-41-6374,https://randomuser.me/api/portraits/men/75.jpg,https://randomuser.me/api/portraits/med/men/75.jpg,https://randomuser.me/api/portraits/thumb/men/75.jpg,US
male,mr,elmer,jones,1450 wheeler ridge dr,knoxville,hawaii,57664,72.9384,95.1835,+5:45,Kathmandu,elmer.jones@example.com,8648b330-17f6-4c35-8fb1-f7b0cd5f39b5,orangeleopard687,mark1,HfUu7WjS,c4d0c7d93ded6df95dde8f25b7cff0e1,cb7531e1c0f3849aa65b32896f26a03e06eb3085,633082243b723f31dc09062b4102dd6fa635ca45b7ba116b3ffb67932ca97ebf,1994-05-22T22:28:12Z,24,2005-01-21T17:09:15Z,13,(322)-410-9321,(918)-283-3654,SSN,210-98-7314,https://randomuser.me/api/portraits/men/18.jpg,https://randomuser.me/api/portraits/med/men/18.jpg,https://randomuser.me/api/portraits/thumb/men/18.jpg,US
male,mr,kelly,dunn,7727 e center st,scurry,arkansas,77921,-36.6010,-18.1345,0:00,Western Europe Time, London, Lisbon, Casablanca,kelly.dunn@example.com,f616863b-d165-4d76-bdef-15bea8543726,lazysnake968,courage,6ZwRBn5r,2c2ed980828b087f16b55c4df5d1ac7a,9420d75ed4b9ce854de182a642ccaf930c5c0eaf,78f6a17eef622563f7fa442b7c10b062cf5273548b46e36d3ca7002747ac301d,1963-10-01T08:55:38Z,55,2011-05-21T15:36:21Z,7,(308)-765-1605,(523)-725-7250,SSN,646-59-8327,https://randomuser.me/api/portraits/men/33.jpg,https://randomuser.me/api/portraits/med/men/33.jpg,https://randomuser.me/api/portraits/thumb/men/33.jpg,US
male,mr,logan,robinson,1108 frances ct,altoona,north carolina,81795,-88.5244,63.0439,+8:00,Beijing, Perth, Singapore, Hong Kong,logan.robinson@example.com,2a0babcb-f132-4923-9fe6-a596bc79f6ff,smallostrich238,eric,dVqEHoFX,09e6979182bfd42d491597c7ba205a90,7a603eb52812c38de940c91f139ee2394b4d8cc1,e4b965c7298e8fab3ea8a4add7d21443a679cfa4497c494ba1dd1b3e2272ac44,1996-12-04T10:50:50Z,21,2015-03-09T17:29:16Z,3,(099)-956-3941,(301)-403-4140,SSN,498-99-4178,https://randomuser.me/api/portraits/men/83.jpg,https://randomuser.me/api/portraits/med/men/83.jpg,https://randomuser.me/api/portraits/thumb/men/83.jpg,US
female,miss,willie,roberts,4278 dogwood ave,salem,new york,56943,-50.3291,92.2669,+11:00,Magadan, Solomon Islands, New Caledonia,willie.roberts@example.com,94a914e0-bb88-4a97-81d1-ef8231a00bfc,orangegorilla738,megan,Gd9houc2,b5d6fdaa2ac07ecbb8f8146f177cd7f0,d6c2948b7abc157fb76e8c971ac2bd45dd939f78,dfbe8d17a598c0cac101b16534acda37173c405f996015d8c467ebeed3cb75a9,1987-10-26T11:11:59Z,31,2010-07-24T11:03:24Z,8,(113)-547-7565,(331)-513-8750,SSN,768-92-4871,https://randomuser.me/api/portraits/women/18.jpg,https://randomuser.me/api/portraits/med/women/18.jpg,https://randomuser.me/api/portraits/thumb/women/18.jpg,US
female,mrs,phoebe,romero,6950 green lane,norwich,lincolnshire,VC9 7DT,19.7269,125.7797,-5:00,Eastern Time (US & Canada), Bogota, Lima,phoebe.romero@example.com,29bc498d-1897-494a-aa65-e194e15f1b05,yellowcat794,phish1,45IDsmMX,849bc3cebd1403a152cf4c388a8dcd49,3e6f62b165b54f5bb58610843952bd3ef705c781,21c228895b86a2a76c88fecd493667ad1fa8c6a424d7a98fb871b34e870ddccb,1992-04-04T16:19:18Z,26,2015-05-28T19:43:32Z,3,01063 34567,0707-115-046,NINO,JB 35 29 83 D,https://randomuser.me/api/portraits/women/33.jpg,https://randomuser.me/api/portraits/med/women/33.jpg,https://randomuser.me/api/portraits/thumb/women/33.jpg,GB
male,mr,pedro,tucker,4240 broadway,londonderry,wiltshire,C8D 9LY,-66.2202,-106.7778,+5:45,Kathmandu,pedro.tucker@example.com,1c062ab8-dd5a-451c-b3f1-9098127c2ea7,biggorilla447,sinclair,JhwreibA,0bb2a0a54759b562c49e551aa455da83,9f52042dda6e8b3a9ae0c4a0e0609a63e92cd528,5cf77c0e8fb85a44c5cefbfe80fff41e0e8ac9359d339ff56eefb654752b746a,1974-10-10T12:25:02Z,44,2006-04-26T15:51:08Z,12,017683 35211,0753-572-140,NINO,EG 03 06 15 V,https://randomuser.me/api/portraits/men/0.jpg,https://randomuser.me/api/portraits/med/men/0.jpg,https://randomuser.me/api/portraits/thumb/men/0.jpg,GB
female,ms,vanessa,rivera,658 plum st,albany,alabama,59228,-62.2138,36.9352,-1:00,Azores, Cape Verde Islands,vanessa.rivera@example.com,2cf62394-2f4a-42f0-a8bd-4d87f88543c3,purpleleopard782,skater,7HAC0FRY,9ae1be853e20921ccdc3c8b4b821256c,1b9537e5d5fe34dcad918a4c44ea28b742e651d3,c4456185146c739a2f96cc841559d64e1683c510c1d714fa978f93f281daf1de,1971-01-10T22:15:41Z,47,2005-05-09T07:50:38Z,13,(612)-912-6546,(061)-625-7764,SSN,903-05-3609,https://randomuser.me/api/portraits/women/29.jpg,https://randomuser.me/api/portraits/med/women/29.jpg,https://randomuser.me/api/portraits/thumb/women/29.jpg,US
male,mr,christopher,peterson,5135 oak lawn ave,beaumont,idaho,33936,75.4876,27.6273,-9:00,Alaska,christopher.peterson@example.com,0d640e12-0450-4266-8d17-9de06d14f152,bigelephant564,doodle,w7TF2KHz,18735950e1ef91baa4e1f159323541d7,3d7734b1d8fb072781a046633425df86384e669b,5c8622600764454cdadbd36c15299726fdf47616cd277c4afa145aac1f144c01,1962-09-12T14:35:38Z,56,2012-08-07T11:49:46Z,6,(165)-585-1187,(648)-070-5948,SSN,913-35-8723,https://randomuser.me/api/portraits/men/14.jpg,https://randomuser.me/api/portraits/med/men/14.jpg,https://randomuser.me/api/portraits/thumb/men/14.jpg,US
female,mrs,donna,ramos,8360 north road,dundee,south yorkshire,WS5N 2WY,15.1186,-56.5237,+4:00,Abu Dhabi, Muscat, Baku, Tbilisi,donna.ramos@example.com,c36ef6ba-58c0-4c5d-a047-e908b0d742b3,tinyostrich861,golfing,UFzUm9BI,97b24feb291ad0a787fc773ded5184cd,ad668e28e1e6d311695afd84c4f9d378e3cc3b5c,0d70c250d98fd3d51a3320da0cddb5b005fb67d840e2479d9dfc39ff0d89e460,1977-02-23T11:43:04Z,41,2011-11-01T08:25:42Z,7,017683 99389,0715-993-800,NINO,KA 09 18 96 O,https://randomuser.me/api/portraits/women/28.jpg,https://randomuser.me/api/portraits/med/women/28.jpg,https://randomuser.me/api/portraits/thumb/women/28.jpg,GB
male,mr,clyde,vasquez,7011 main street,armagh,tyne and wear,BE6 5ZD,22.8962,163.1925,-2:00,Mid-Atlantic,clyde.vasquez@example.com,b5cafcdd-cb29-434d-9683-e66c6d5f79a7,crazyzebra103,ontario,R2QkjA6H,f2cfefbe4a6a5aedefe8aca446908efb,958ce3e06b1ebcef78a51a9b7689ae354a347816,def6068db141516c727e8f3d67f2f56226261bfec476ffd12d2f755c0fda41d6,1960-09-30T04:04:49Z,58,2015-09-22T19:23:03Z,3,0181 651 4974,0798-341-840,NINO,HG 37 86 45 W,https://randomuser.me/api/portraits/men/82.jpg,https://randomuser.me/api/portraits/med/men/82.jpg,https://randomuser.me/api/portraits/thumb/men/82.jpg,GB
male,mr,leonard,collins,4644 bridge road,wakefield,isle of wight,BN7 5JW,83.7753,119.4378,+7:00,Bangkok, Hanoi, Jakarta,leonard.collins@example.com,5de6d514-12d6-458d-b3a0-c12cf8ef6639,saddog621,pool,kHsbtB77,5653c6d928608fa02d37b85f72e511cd,30083c414bb8bb3f4275fcf1a6234e876bcaaa6d,939e8bf887a09cb391b50718a1b2cf2f8b9376d27f9345b51b59cf7415d89dd2,1957-05-09T20:52:41Z,61,2008-12-06T16:53:56Z,9,016977 09316,0791-466-946,NINO,CL 91 10 74 Q,https://randomuser.me/api/portraits/men/48.jpg,https://randomuser.me/api/portraits/med/men/48.jpg,https://randomuser.me/api/portraits/thumb/men/48.jpg,GB
female,mrs,abby,ross,4545 kings road,aberdeen,cheshire,V86 8ED,46.6120,6.9852,+2:00,Kaliningrad, South Africa,abby.ross@example.com,a325a947-6aa1-46f7-aebf-39f5b572916e,goldenmouse778,ronald,thNhomGm,02414f90eb9f0f613fece4c3dea5735d,c98770f4f39c95cd6459f0ad11a4ab13b5db3826,d74a0b5b3e2d585e0b2bed9b5aa02cef84dc3becd5de3a741349e2c107740799,1946-06-29T22:16:14Z,72,2006-12-23T13:16:19Z,11,015396 44089,0764-122-183,NINO,MW 95 29 45 I,https://randomuser.me/api/portraits/women/71.jpg,https://randomuser.me/api/portraits/med/women/71.jpg,https://randomuser.me/api/portraits/thumb/women/71.jpg,GB
male,mr,jason,wagner,4051 country club rd,worcester,georgia,10665,-82.1202,-157.1296,-9:00,Alaska,jason.wagner@example.com,fd32246c-dadd-434e-b40e-2bdd0bd377fd,bigfish359,vampire,rIlzZK5m,16c57c1b592699e1d46ab54d11a7ec84,68cfdfcb3adab40d7e4920cce5961d9549ae842b,78bb652a107eeb64fe2622ee9929b7de8537530517cfa4d22972675003389664,1988-07-18T03:39:12Z,30,2010-10-10T01:04:08Z,8,(014)-267-0917,(718)-950-4720,SSN,584-75-7942,https://randomuser.me/api/portraits/men/98.jpg,https://randomuser.me/api/portraits/med/men/98.jpg,https://randomuser.me/api/portraits/thumb/men/98.jpg,US
male,mr,joey,long,4323 church road,wolverhampton,herefordshire,Q6 0JN,27.2239,-44.0522,+10:00,Eastern Australia, Guam, Vladivostok,joey.long@example.com,571e1b55-2605-4893-bed9-4334afe36d5b,crazyleopard212,meng,njXo3Htq,6f36c1e578c6b6ac75351e335d30b72c,4dc279e63d13b77c863f4e8d9ab26bb90c17c74d,69beaec1f50e6fd6fa2334561da676cd7138a2514d58334412b6eef53c049a12,1992-01-14T14:19:20Z,26,2016-10-10T06:54:13Z,2,017683 61515,0782-218-804,NINO,RR 25 03 25 P,https://randomuser.me/api/portraits/men/1.jpg,https://randomuser.me/api/portraits/med/men/1.jpg,https://randomuser.me/api/portraits/thumb/men/1.jpg,GB
female,ms,carole,lawson,8379 parker rd,moscow,colorado,28537,87.7653,106.0635,-10:00,Hawaii,carole.lawson@example.com,72ebb030-8d7a-497d-b077-fd24fa872ffe,crazyzebra739,passwort,zmeRCr3v,8e823073b48f4dc5cb08962a071de1fa,706fab154936c3ec787d804eb0874bd806293154,c19e005cf4967ed58e0f20c0ed7a86ef2b277ca8a010d6ef874edacce867d5be,1975-04-17T22:38:33Z,43,2007-12-06T00:24:06Z,10,(573)-527-4127,(396)-620-4500,SSN,044-62-6871,https://randomuser.me/api/portraits/women/92.jpg,https://randomuser.me/api/portraits/med/women/92.jpg,https://randomuser.me/api/portraits/thumb/women/92.jpg,US
female,mrs,julia,adams,7732 w sherman dr,boston,utah,48877,41.6297,-71.7222,+5:30,Bombay, Calcutta, Madras, New Delhi,julia.adams@example.com,4e6d3f5f-4f5a-4d71-9342-57de47449d92,crazyladybug769,123456789,qpPDlgHX,2f6f3719c2a38b5010b3b70bc4ba24f4,ba858ca9853faad78471facc8528e8a409c6fa5d,e3d7a92ed6ba2fd35c0c6658199e62d15abb94a0e3227891f9be7d21656017a6,1970-09-21T05:39:34Z,48,2014-02-28T23:38:50Z,4,(386)-347-9997,(330)-896-4497,SSN,324-92-9859,https://randomuser.me/api/portraits/women/5.jpg,https://randomuser.me/api/portraits/med/women/5.jpg,https://randomuser.me/api/portraits/thumb/women/5.jpg,US
male,mr,tomothy,lowe,162 lakeview st,concord,ohio,36742,-64.8186,164.9578,+10:00,Eastern Australia, Guam, Vladivostok,tomothy.lowe@example.com,67fd7c63-89d4-4755-a1d9-ad4e87fc110c,yellowkoala638,1997,ZYzeRSVw,aea128fa1d3d742d069fd7870688b86e,ad9877e0c71f193ecf48aa99e4a668eacd2011a2,57e6b2642d72c47931c311816ac121ec29fe6b03534aaafaad815a4f62e3f583,1995-03-16T01:16:33Z,23,2017-02-12T13:36:41Z,1,(861)-022-3707,(362)-814-8633,SSN,602-28-4814,https://randomuser.me/api/portraits/men/77.jpg,https://randomuser.me/api/portraits/med/men/77.jpg,https://randomuser.me/api/portraits/thumb/men/77.jpg,US
male,mr,sebastian,baker,4013 nowlin rd,frederick,kansas,24060,-68.8213,-1.9878,-6:00,Central Time (US & Canada), Mexico City,sebastian.baker@example.com,afe933ab-2476-402c-bdab-c9671795e52e,yellowdog442,drum,wp1SIyG2,760a9b1f204ca42465d6c26a21513770,fadd83f27f41ddc0e0a07b9ad36d96bdd45a1031,5a94e3b9b126bb33bed7f6cca677f454a5d0faf6ef046401801eeb4a0d8e1b01,1991-01-01T06:57:48Z,27,2012-03-09T14:16:13Z,6,(232)-232-4599,(489)-733-9489,SSN,190-12-0959,https://randomuser.me/api/portraits/men/78.jpg,https://randomuser.me/api/portraits/med/men/78.jpg,https://randomuser.me/api/portraits/thumb/men/78.jpg,US
male,mr,albert,berry,764 walnut hill ln,clearwater,arkansas,98454,-20.9790,16.9204,-9:00,Alaska,albert.berry@example.com,c2d3d4d3-758d-4a15-b13f-b5e92e0e75b9,brownbird175,shooter,FvDxm6zd,09a169b80cc4be5f940e1ee1a0af7172,642b26c60ecc25d5f64a33974c7e130cd88d4183,cf73cf6655af8e41a3b9f16821666aaf642e0aa5b7c91b0a9d628d7d9ddffc34,1959-09-21T21:28:26Z,59,2002-08-16T10:56:24Z,16,(684)-418-8949,(285)-293-7707,SSN,257-96-8726,https://randomuser.me/api/portraits/men/66.jpg,https://randomuser.me/api/portraits/med/men/66.jpg,https://randomuser.me/api/portraits/thumb/men/66.jpg,US
female,mrs,rosalyn,ramirez,7507 springfield road,londonderry,cleveland,DZ16 4GY,-74.7566,138.2070,-3:30,Newfoundland,rosalyn.ramirez@example.com,92a49203-27b4-46c6-9cb8-00c51de2e0ce,beautifulladybug846,wifes,2zFIPatG,7bd492a8468fd1e401959756d5c1e1e9,2ec30208c81a02e76536a17ee72463afe79ebc5d,0e861370823d25b69729217acfc83f69b0e71a5372f69237b86d18fa31053a61,1975-05-29T16:27:29Z,43,2009-04-01T03:55:32Z,9,016973 11450,0763-439-874,NINO,JR 86 58 26 T,https://randomuser.me/api/portraits/women/40.jpg,https://randomuser.me/api/portraits/med/women/40.jpg,https://randomuser.me/api/portraits/thumb/women/40.jpg,GB
female,ms,sofia,cox,3105 grange road,coventry,cheshire,EH8R 9DL,79.3092,-63.1503,+3:00,Baghdad, Riyadh, Moscow, St. Petersburg,sofia.cox@example.com,aad5db65-978e-40a4-89ec-23c6fb5c92e7,smallsnake945,ameteur,RHhObWVP,f57038f80a061447bfb3e4bca418778d,bd280544acb182c0bf2bae83b2e830e7abffa6e4,576fff0a72a322f0b94714b65e5988e973c3a9b0bea5ea7e6635950d0dc947e0,1969-01-29T05:41:25Z,49,2005-10-31T00:52:34Z,13,0114656 873 0878,0757-151-650,NINO,JL 72 23 82 A,https://randomuser.me/api/portraits/women/42.jpg,https://randomuser.me/api/portraits/med/women/42.jpg,https://randomuser.me/api/portraits/thumb/women/42.jpg,GB
male,mr,julian,peterson,4414 main road,wakefield,hampshire,UX27 1GA,-44.9361,179.6082,+9:30,Adelaide, Darwin,julian.peterson@example.com,5a49d14d-1cb6-4816-8564-2aefe7d4ed5a,bigfrog235,cruiser,k9eKqOv0,278d219ce2ed1c0db98fdd22fc6198aa,6f4d135ffbb0a0eea6242640bc2137ca335a8144,660491073705646a8c09251feec5dc8bf4586e740515f5329a29e9640a31cf14,1979-12-07T18:11:06Z,38,2006-06-24T18:59:49Z,12,016973 67005,0734-840-167,NINO,JH 84 77 87 V,https://randomuser.me/api/portraits/men/88.jpg,https://randomuser.me/api/portraits/med/men/88.jpg,https://randomuser.me/api/portraits/thumb/men/88.jpg,GB
female,miss,terry,lynch,7445 oak lawn ave,arvada,michigan,99417,30.3684,-165.3827,0:00,Western Europe Time, London, Lisbon, Casablanca,terry.lynch@example.com,d585da4f-07e8-41f5-84f8-d93f6f248c33,greengoose670,something,ZBdX6JLZ,9b373349d3d563cf7a9d924c2c0e492d,8e4679c3dcac4ca670d0a3ebd62bf3ee05e2fcc0,5a2ab5c2bcb9ea0f35f168fd1c17b3997eba11bf872cce73ca205c6708fc639d,1945-06-03T16:33:12Z,73,2007-09-07T16:50:56Z,11,(361)-355-8149,(737)-298-2838,SSN,731-61-3074,https://randomuser.me/api/portraits/women/35.jpg,https://randomuser.me/api/portraits/med/women/35.jpg,https://randomuser.me/api/portraits/thumb/women/35.jpg,US
male,mr,jose,olson,9799 blossom hill rd,rochester,oklahoma,86007,-45.7813,59.5691,-10:00,Hawaii,jose.olson@example.com,aa308ec6-7c15-4461-a3d4-dca0b68b4608,bigdog731,systems,6XNCpPQc,0a62232d7c3407f0375f8ea0ed649946,a4a5b5c41e5f11f270d171ec56c5089cd5f95d2a,acecd75a9ce5c02231116e2ea6b7f541091db0fe09ed1213e28a06844c69e7aa,1968-10-19T11:49:51Z,50,2016-12-06T19:51:28Z,1,(149)-385-6627,(233)-043-6381,SSN,422-09-8724,https://randomuser.me/api/portraits/men/74.jpg,https://randomuser.me/api/portraits/med/men/74.jpg,https://randomuser.me/api/portraits/thumb/men/74.jpg,US
male,mr,dwight,williams,5180 ranchview dr,rio rancho,montana,65097,82.9235,-147.7726,+5:00,Ekaterinburg, Islamabad, Karachi, Tashkent,dwight.williams@example.com,03cb1186-9a79-49a5-aa87-99a9a0211c6a,silverzebra519,uuuuu,m0kjEA3T,f81dbd1cd07c8a7149e0f769c8af0a0f,1e457cb94374cc2d1a66c2e098a98c9aba0fcada,87a14c97827d718e45221909417f5fdcefb184b440c2d58679961173f50923b3,1977-02-18T10:19:16Z,41,2008-09-05T23:15:35Z,10,(354)-205-1615,(188)-216-5442,SSN,476-01-2536,https://randomuser.me/api/portraits/men/49.jpg,https://randomuser.me/api/portraits/med/men/49.jpg,https://randomuser.me/api/portraits/thumb/men/49.jpg,US
female,ms,violet,kim,6025 daisy dr,sioux falls,missouri,44421,-32.4459,-64.2965,-12:00,Eniwetok, Kwajalein,violet.kim@example.com,9acfc1ad-151f-44c6-8881-1512559e070b,tinyelephant845,jacob,NXIqexX1,ac7fb6c64d942f31db5b520ed4f8fe77,ed2f445437da694a933325151c74c0f6fac4b5d7,7cf8790e46f63e2d71303ab715a1c0a6a19e529d2ddbb367a534cc0162c00adb,1965-06-14T01:38:21Z,53,2012-08-17T17:46:50Z,6,(343)-954-8991,(432)-636-5191,SSN,441-99-4416,https://randomuser.me/api/portraits/women/1.jpg,https://randomuser.me/api/portraits/med/women/1.jpg,https://randomuser.me/api/portraits/thumb/women/1.jpg,US
female,mrs,katie,george,5125 the drive,bradford,cumbria,Y22 7GH,-31.0199,-85.1303,-8:00,Pacific Time (US & Canada),katie.george@example.com,5211ae89-fd5c-4ca5-a726-ce4aff7c4d96,orangeladybug637,luv2epus,xZHESxiN,0863f217eb13685f8219eff42da33ea1,b4f37b13af6d66658f04f5d8b155c19c0560d531,4d4503a85fd7ffeddfdd5e2b982c2267066e632c44e2257f79b26c8a5b064b32,1953-08-26T21:29:53Z,65,2011-02-18T06:25:52Z,7,016977 61660,0772-348-564,NINO,SM 54 78 98 R,https://randomuser.me/api/portraits/women/87.jpg,https://randomuser.me/api/portraits/med/women/87.jpg,https://randomuser.me/api/portraits/thumb/women/87.jpg,GB
male,mr,nathaniel,elliott,9881 bridge road,exeter,oxfordshire,B7L 9XB,12.2131,68.1381,-4:00,Atlantic Time (Canada), Caracas, La Paz,nathaniel.elliott@example.com,3585ee98-f936-4770-8e5b-7aeca20d9a43,heavymeercat818,mozart,lHo7UbUM,3331fc20708e25282290da3c29caeb2e,19d4373284cadf9a65d4d0484a9b16b52969ba5b,a388e9326f6a3e8b01e1b426b6b90ed8e57a4bcdad5794b28db54d8b0ee3e54e,1976-02-02T18:56:11Z,42,2014-11-12T19:03:53Z,3,0116990 034 3090,0733-423-902,NINO,GJ 94 19 55 A,https://randomuser.me/api/portraits/men/75.jpg,https://randomuser.me/api/portraits/med/men/75.jpg,https://randomuser.me/api/portraits/thumb/men/75.jpg,GB
male,mr,curtis,adams,5549 church lane,edinburgh,lancashire,Y5J 9FF,-56.6846,150.3404,-5:00,Eastern Time (US & Canada), Bogota, Lima,curtis.adams@example.com,9891659f-6a57-442d-bb56-c1e41d948eca,angrymeercat848,pheonix,8WrX7Acl,eada6d7d891aaf919dc2d5ce7ddb6f11,1e26b807d15e38577e9db40536eb0868cdad217e,c5d5f96bd102e68fa9f6fdd233e09ff496451f8f73fbffae92431b86673fbb1a,1954-07-13T17:08:17Z,64,2017-11-12T22:25:44Z,0,017687 69831,0739-418-797,NINO,EZ 02 16 88 U,https://randomuser.me/api/portraits/men/72.jpg,https://randomuser.me/api/portraits/med/men/72.jpg,https://randomuser.me/api/portraits/thumb/men/72.jpg,GB
female,ms,barbara,mcdonalid,9808 king street,salford,east sussex,R8Q 9UT,53.8166,174.1380,+10:00,Eastern Australia, Guam, Vladivostok,barbara.mcdonalid@example.com,3e69b064-f8d2-4e59-8600-37e41a78a4c3,orangerabbit449,mermaid,OJCW2rqq,3191d75e5156728cdc3ac7eca58a2dcd,7412e3de253db83beb6b782eb4e41cebd5a44406,204918c677e9e08ca7145a4b462b5db994fb4d07e140068140322d3c8307c56e,1970-05-02T10:04:13Z,48,2002-10-02T05:08:49Z,16,017683 10076,0768-501-657,NINO,EH 54 22 95 V,https://randomuser.me/api/portraits/women/70.jpg,https://randomuser.me/api/portraits/med/women/70.jpg,https://randomuser.me/api/portraits/thumb/women/70.jpg,GB
male,mr,christian,fletcher,8381 westheimer rd,norfolk,indiana,29014,-31.2265,15.5840,+3:00,Baghdad, Riyadh, Moscow, St. Petersburg,christian.fletcher@example.com,e72db534-c313-41fd-af18-2c0d0c96fb8b,greenpeacock595,yoda,qgj8LS1F,043f05c1190786a18aa0bb2c673122af,e1f50f349e972c7cd31d4d7682de91de7b9698da,58b7523fcd735749f53d2fe091385e2687a5bee2b42b821580f3b1ca4d1e2115,1965-07-29T04:06:23Z,53,2004-10-23T04:55:00Z,14,(298)-011-6440,(667)-338-2575,SSN,452-06-3173,https://randomuser.me/api/portraits/men/38.jpg,https://randomuser.me/api/portraits/med/men/38.jpg,https://randomuser.me/api/portraits/thumb/men/38.jpg,US
female,ms,nicole,parker,1120 station road,dundee,south yorkshire,O1I 6JY,-31.7678,-86.5731,+3:30,Tehran,nicole.parker@example.com,7e8f2a08-622e-4cd5-8867-ed20beae3553,crazytiger897,aaron,zLAOboUq,c9cf7dbec12b284e25f2f9bfdc13ff07,15f0bc2a7ee2dcee2ce984b59a1c2ead8f9a0b4c,6945edcd2bbded122a1403b11e6bc3b83230d815aa757a6e9b28a818ef49d3f0,1967-04-02T06:21:12Z,51,2009-06-04T18:35:21Z,9,015396 52452,0719-797-896,NINO,HY 15 21 97 I,https://randomuser.me/api/portraits/women/15.jpg,https://randomuser.me/api/portraits/med/women/15.jpg,https://randomuser.me/api/portraits/thumb/women/15.jpg,GB
male,mr,lewis,gonzalez,2998 edwards rd,grand prairie,vermont,29914,-77.1595,-134.2999,-11:00,Midway Island, Samoa,lewis.gonzalez@example.com,bf3aea79-abaf-4dc4-8bd3-8287cb0c9767,organicbird109,badboy,vgQSkS1p,5c2d2bc79c1e5c52e98ddf21873792b0,415dede4064ea9c6fef6b964929b5fdc44741f3e,e59d7b9df901c7668b3b4df0948d6ba72eea822ea777a9cf3fab7681820037a9,1981-08-22T19:57:45Z,37,2013-06-27T15:04:45Z,5,(365)-805-8657,(964)-371-0241,SSN,522-36-8411,https://randomuser.me/api/portraits/men/22.jpg,https://randomuser.me/api/portraits/med/men/22.jpg,https://randomuser.me/api/portraits/thumb/men/22.jpg,US
female,ms,lesa,hicks,9288 n stelling rd,beaumont,new jersey,90057,17.4405,-81.6563,+11:00,Magadan, Solomon Islands, New Caledonia,lesa.hicks@example.com,061b9eff-2fd7-4930-a445-76297385b5ba,angryrabbit742,gspot,6jR2GcVX,28b6e923d826b571619a8b41d93f0e3f,bc3b9ca4d1c2cd87e3a99fb1ff2dd4542063c4a9,62afe377867505c095a69106c0b3043c71dec68cf302ced4cd139399f0d57a7c,1984-06-17T17:44:25Z,34,2003-04-21T20:09:07Z,15,(657)-244-3916,(079)-800-4701,SSN,733-30-5215,https://randomuser.me/api/portraits/women/17.jpg,https://randomuser.me/api/portraits/med/women/17.jpg,https://randomuser.me/api/portraits/thumb/women/17.jpg,US
female,mrs,lisa,collins,5221 stanley road,leicester,cumbria,G5 6RF,69.0381,86.2172,+9:00,Tokyo, Seoul, Osaka, Sapporo, Yakutsk,lisa.collins@example.com,a3d556ed-b997-4309-a646-b6d0aca49090,crazyswan741,zeppelin,ox0gTADP,f86e64913e5a3a4e9f36d1f7a9ac9303,78290b0c73b9fd1341bff09edf88d4c3fb58f2ab,51feef7c03ffa46e311d3f7699086dca3b7669f9d21a58bcdd22b3db055748f5,1989-04-17T20:48:18Z,29,2013-09-25T08:59:06Z,5,016974 38343,0747-596-273,NINO,RK 53 37 51 K,https://randomuser.me/api/portraits/women/8.jpg,https://randomuser.me/api/portraits/med/women/8.jpg,https://randomuser.me/api/portraits/thumb/women/8.jpg,GB
female,mrs,diane,nichols,8888 woodland st,cedar rapids,minnesota,32100,-11.8633,-111.1887,-9:00,Alaska,diane.nichols@example.com,c8f8461b-d255-462c-950a-304f507f00a9,purplepanda717,krypton,ix65spcj,e951cf46e5280de690c83b854dc697b6,697853ca7de99ff50e3c1266de4b415075bc0bf5,cacb4fc46922e7b42da928ef40647b89ed2ad188c4f04576adc7ce456e58f6bf,1986-07-11T00:49:30Z,32,2013-12-22T13:56:06Z,4,(633)-710-8728,(870)-930-6359,SSN,479-39-3875,https://randomuser.me/api/portraits/women/85.jpg,https://randomuser.me/api/portraits/med/women/85.jpg,https://randomuser.me/api/portraits/thumb/women/85.jpg,US
male,mr,aiden,howard,4505 mcgowen st,knoxville,california,33285,-9.7987,123.1398,+11:00,Magadan, Solomon Islands, New Caledonia,aiden.howard@example.com,3db24221-98eb-4f38-a185-3574500594c1,heavygoose905,guest,E1nq6R64,713e5eb43766bf8c9765abf42e55ef8b,b95b2da510efc49e07e2db3091e221fefc477928,efb3b707fabaa751c2a6d57ceeac9b42e14297c9dd7f8fb3dfd695dee412d937,1986-04-03T12:19:04Z,32,2008-09-19T21:08:56Z,10,(352)-223-4778,(615)-963-2817,SSN,339-98-8991,https://randomuser.me/api/portraits/men/13.jpg,https://randomuser.me/api/portraits/med/men/13.jpg,https://randomuser.me/api/portraits/thumb/men/13.jpg,US
male,mr,edwin,fields,805 king street,canterbury,merseyside,QG7 8XS,-50.9140,2.1374,-6:00,Central Time (US & Canada), Mexico City,edwin.fields@example.com,fe169b52-b327-4c75-9845-1eafc20d0e52,beautifulmouse966,hotred,jwijUpno,7546cd7043d91d48b7bc4b5a28c31ec8,5abb082ae3b8642e93f9534c8eec6934e09f0490,722de7c876e92e882d12e033a116ccd0d54d1d4bc61615f661571b11cc466d31,1978-07-10T05:40:27Z,40,2006-12-27T00:27:02Z,11,0119748 963 6471,0778-973-426,NINO,HG 47 39 06 G,https://randomuser.me/api/portraits/men/10.jpg,https://randomuser.me/api/portraits/med/men/10.jpg,https://randomuser.me/api/portraits/thumb/men/10.jpg,GB
male,mr,nick,morrison,110 the avenue,kingston upon hull,shropshire,SN32 2XP,10.2864,-22.4068,-3:00,Brazil, Buenos Aires, Georgetown,nick.morrison@example.com,2aedf722-9d2d-4644-a22a-21f46dcd40fe,yellowgoose860,massimo,xSyMMZWm,a2c7490a6e2ec68376a1233cd04925b7,6b090807b50aae19601ebef0406e9fd27161faa6,f5b1e7dba1f06ad8088b4c32b5adb64689adc4acc0efd2a068962f1af2ad0fef,1960-09-04T06:58:59Z,58,2012-03-19T19:21:08Z,6,016974 73069,0742-096-882,NINO,LM 30 88 30 J,https://randomuser.me/api/portraits/men/8.jpg,https://randomuser.me/api/portraits/med/men/8.jpg,https://randomuser.me/api/portraits/thumb/men/8.jpg,GB
male,mr,xander,simmmons,3243 st. john’s road,lincoln,strathclyde,B49 1QR,27.2873,-134.2649,-7:00,Mountain Time (US & Canada),xander.simmmons@example.com,134ba61e-bc92-46ed-af8b-62e289fbaf66,smallgoose317,punisher,FnUtrlzc,b2d8a0a6db396ea91d8fd666c7f9df3e,ebff20c5f35b4c845179f4cbfb65695aa3e6dd68,a10db5d1ca5ceda72de044a752abd72f2a4c3787a5da581e876e0af4243db2a5,1973-08-15T00:34:46Z,45,2007-02-06T22:49:27Z,11,016973 73426,0740-330-264,NINO,YR 21 01 84 T,https://randomuser.me/api/portraits/men/20.jpg,https://randomuser.me/api/portraits/med/men/20.jpg,https://randomuser.me/api/portraits/thumb/men/20.jpg,GB
female,ms,ava,lucas,5517 hickory creek dr,berkeley,tennessee,88948,26.1597,1.1405,-2:00,Mid-Atlantic,ava.lucas@example.com,47038f8c-b862-42f3-9b03-8f29d7c2087e,brownpanda900,ocean,E3HjoBak,874445ee3f65b4513b3700a23382fc6f,0a8ca3d21dead1773b5527230ebabb6d7304dcc7,e39ae31e000a091669749dceb94d892011b8240703897519031e721a93ca2eeb,1975-03-06T11:34:20Z,43,2016-05-09T21:25:16Z,2,(691)-219-0910,(561)-157-0189,SSN,860-39-7543,https://randomuser.me/api/portraits/women/23.jpg,https://randomuser.me/api/portraits/med/women/23.jpg,https://randomuser.me/api/portraits/thumb/women/23.jpg,US
female,miss,emma,castro,5876 victoria road,ripon,staffordshire,W2N 3DB,-63.0579,125.8509,+1:00,Brussels, Copenhagen, Madrid, Paris,emma.castro@example.com,f6b106ae-ae04-4051-b8a1-de0f554a7396,purplecat639,mouser,s1ZV89NS,34cc8c2d9481d590e1aebbd5c86e76b5,be618379997b7940acf8cc14319395b63aea2099,41e8ac6a197487ea21aee28752baf073b5e110732859c7e461ea1246334bbfbd,1962-02-26T22:33:00Z,56,2011-06-20T19:30:34Z,7,013873 70613,0756-364-010,NINO,EL 45 17 60 E,https://randomuser.me/api/portraits/women/79.jpg,https://randomuser.me/api/portraits/med/women/79.jpg,https://randomuser.me/api/portraits/thumb/women/79.jpg,GB
female,ms,erin,nichols,4708 marsh ln,surprise,kansas,95246,74.7392,93.0365,-4:00,Atlantic Time (Canada), Caracas, La Paz,erin.nichols@example.com,de304a6f-be4e-47ad-ae87-5f725c0eaeb9,yellowostrich787,doom,AfiF2re7,c29979819a894165240b4e1bbd510936,9c018bb7e3df3ea056a0736b46c54c83731216c0,39dc5ddc11a2a55e7a852ad23693f5aa4203dccf4211dcb92565ca8ff8d82db0,1989-06-24T21:56:35Z,29,2005-03-10T22:47:48Z,13,(854)-960-2138,(791)-053-4746,SSN,860-06-0993,https://randomuser.me/api/portraits/women/55.jpg,https://randomuser.me/api/portraits/med/women/55.jpg,https://randomuser.me/api/portraits/thumb/women/55.jpg,US
female,miss,katherine,lawson,1363 railroad st,burbank,hawaii,88776,-79.4226,-121.8431,-1:00,Azores, Cape Verde Islands,katherine.lawson@example.com,d171be3f-a9bd-4f3c-9b00-8f9b8bb92818,orangegoose332,tacoma,raZGwssV,914727057361471445d914e640e76578,754ed1ef3498224d47e59f57ddbeef47e1cee6b4,97ebcf8eda6f9cdcb2a5146d55ec735c600bccacaaabc0068d01406ae65cac54,1997-02-06T05:33:14Z,21,2011-12-16T13:34:21Z,6,(306)-424-9248,(003)-290-3319,SSN,811-65-6791,https://randomuser.me/api/portraits/women/18.jpg,https://randomuser.me/api/portraits/med/women/18.jpg,https://randomuser.me/api/portraits/thumb/women/18.jpg,US
female,mrs,cindy,fernandez,9927 mockingbird ln,charlotte,oklahoma,47312,-82.8418,2.1350,+4:30,Kabul,cindy.fernandez@example.com,14e5d226-23cb-4d4c-985e-222e7c230c98,greenfrog806,fishhead,xASZURKX,1c399b9bab7b74e4d4b335fa732b8134,917fd10ac060639a8f3a2a8b6847b74af04488f2,d21cb7c94dee801f97b40c861cedc76c1db69a7eec1bc5c6d0d12cc498faa406,1956-11-28T03:07:51Z,61,2008-04-04T13:34:46Z,10,(554)-645-0951,(214)-218-7529,SSN,501-71-1463,https://randomuser.me/api/portraits/women/23.jpg,https://randomuser.me/api/portraits/med/women/23.jpg,https://randomuser.me/api/portraits/thumb/women/23.jpg,US
male,mr,maurice,riley,7238 e pecan st,tallahassee,delaware,77574,1.0703,147.9705,+9:00,Tokyo, Seoul, Osaka, Sapporo, Yakutsk,maurice.riley@example.com,69c73797-842c-4aae-885d-ca0e06453188,happymouse708,lloyd,NidlosCG,0560527fe8901cd53ae7b05fdf1ed4b4,a3d2cb6580b8db668362dd1cb31351e64fce6328,d77a9a0d75b32c097d9c818bc80ec73be0b00c103d7d3ef703497d4badd09e31,1956-10-05T05:38:49Z,62,2010-10-01T19:24:05Z,8,(694)-279-1022,(435)-827-7035,SSN,196-64-9582,https://randomuser.me/api/portraits/men/65.jpg,https://randomuser.me/api/portraits/med/men/65.jpg,https://randomuser.me/api/portraits/thumb/men/65.jpg,US
male,mr,walter,carpenter,4658 white oak dr,roseville,minnesota,65338,-29.6650,-69.0514,+5:00,Ekaterinburg, Islamabad, Karachi, Tashkent,walter.carpenter@example.com,c2411968-7f27-49bd-a2a2-579ff2f6bd21,goldenrabbit944,romeo,Yhcv5pLZ,ab3f12ce5dd10f12304f32d0df293edf,2047d1d1485b703def4aecd0af62e1a3d93d8429,b27fec04876ff72a883915ca15eadcd1fdb1372ab733c626008e714579b476de,1947-12-17T15:57:39Z,70,2007-07-11T23:31:23Z,11,(884)-204-6523,(430)-479-2629,SSN,979-72-5741,https://randomuser.me/api/portraits/men/92.jpg,https://randomuser.me/api/portraits/med/men/92.jpg,https://randomuser.me/api/portraits/thumb/men/92.jpg,US
female,mrs,faith,bell,429 the drive,ripon,humberside,R52 2ZF,59.3346,142.6259,-2:00,Mid-Atlantic,faith.bell@example.com,52f3aa73-445d-4241-a3e0-59babab45421,angryostrich857,1qaz2wsx,POTx9WMO,d233de2e29dbae619fc9344897e94070,295b29dd53814dfaece7ba193d34ffd41a238128,c05ffa1910bfcae2e3fa105878d95341e8aa4de26f90e19e234384b95d6b6dd3,1967-08-25T00:34:19Z,51,2018-06-08T03:45:32Z,0,017684 23471,0700-757-367,NINO,RW 47 70 93 I,https://randomuser.me/api/portraits/women/48.jpg,https://randomuser.me/api/portraits/med/women/48.jpg,https://randomuser.me/api/portraits/thumb/women/48.jpg,GB
male,mr,harold,stevens,5687 fincher rd,roanoke,kansas,93398,67.9718,36.8279,+1:00,Brussels, Copenhagen, Madrid, Paris,harold.stevens@example.com,a5bfdf0d-efa0-4d74-8e05-425b08006de0,angryduck819,darrel,bPGNUsV5,6c8b5244110486c28d2eec614b5bc48d,1302223eed5e95a3457f6b9b62c3ad2cfdc91696,28dbee513ef44dfef983b3f4def736e2bc47c089b827ff4f6c1ed15b7d5a4d58,1974-01-18T10:59:25Z,44,2005-09-28T19:08:19Z,13,(225)-277-4960,(801)-677-7875,SSN,547-16-2400,https://randomuser.me/api/portraits/men/97.jpg,https://randomuser.me/api/portraits/med/men/97.jpg,https://randomuser.me/api/portraits/thumb/men/97.jpg,US
male,mr,luis,ford,4452 church street,wells,avon,GL53 1FR,64.9342,-49.1328,0:00,Western Europe Time, London, Lisbon, Casablanca,luis.ford@example.com,680e2a03-8070-4b8b-b22f-55c099eca17d,orangetiger679,mazdarx7,CTmQC4cq,15a8616ccd99188733c84f3bc0dab0a1,585f14701b88ae8d0c72ae9be0a13cfe46511b3f,b021ad58f93d84660e236ef810c9bdcec0c5a1bbed110eaae7ba92b3d30b3e41,1969-07-24T21:31:07Z,49,2017-10-26T14:52:38Z,1,016973 15380,0750-319-185,NINO,RZ 97 04 99 Z,https://randomuser.me/api/portraits/men/67.jpg,https://randomuser.me/api/portraits/med/men/67.jpg,https://randomuser.me/api/portraits/thumb/men/67.jpg,GB
male,mr,andrew,andrews,7848 queensway,city of london,dyfed,T5U 9ER,74.8822,-99.0968,-3:30,Newfoundland,andrew.andrews@example.com,99181b90-c9c0-4467-a203-28eae9f19763,heavyduck926,fitness,VuHifiAP,e9c9eac40468ab09cc4afde13ae66562,67ccf3d45bfaf97fdd04588142ad7fb8385d1e99,80e89f3ba5daac83d71bac16eccacb1bd737a90e9194dec117a7e496cc507bf5,1964-02-07T12:01:22Z,54,2009-09-29T04:03:35Z,9,019467 05957,0765-968-912,NINO,LK 78 70 18 A,https://randomuser.me/api/portraits/men/6.jpg,https://randomuser.me/api/portraits/med/men/6.jpg,https://randomuser.me/api/portraits/thumb/men/6.jpg,GB
female,mrs,eva,wilson,2030 king street,belfast,northumberland,CH85 0FT,34.8331,-104.1830,0:00,Western Europe Time, London, Lisbon, Casablanca,eva.wilson@example.com,b2a1a078-d0b8-4649-96b9-5142bc6726ed,angrylion389,ripley,ijrkCH0s,15546514f870cfa1abf75e10b5c58191,fdf16bbb78759a6e4fa4c8c46b184f89d2542fc1,8256354709b41c15e85dfc0bc49878164c77c86543267088823d392e6f7266c1,1955-01-21T09:50:49Z,63,2016-07-11T01:55:37Z,2,01063 746182,0795-273-069,NINO,AH 30 41 53 X,https://randomuser.me/api/portraits/women/43.jpg,https://randomuser.me/api/portraits/med/women/43.jpg,https://randomuser.me/api/portraits/thumb/women/43.jpg,GB
male,mr,shaun,jimenez,89 alexander road,peterborough,surrey,J96 8PR,73.8624,-87.3670,+3:00,Baghdad, Riyadh, Moscow, St. Petersburg,shaun.jimenez@example.com,ee976866-d3c6-4a82-80e5-dd40119ff94a,sadbutterfly173,break,Jczs5JzW,3b987306ec354500fbc7b0231c8de671,9d54368f3ac35c523d6a5c8f03c007b4d3764e23,503ea4bfc1d0cfe84befd4f32b8a2a4d04990e629b856dbc0e50c65b05d11e6c,1983-12-09T05:44:13Z,34,2013-07-04T16:38:51Z,5,017687 13670,0747-878-984,NINO,SM 15 27 23 Q,https://randomuser.me/api/portraits/men/79.jpg,https://randomuser.me/api/portraits/med/men/79.jpg,https://randomuser.me/api/portraits/thumb/men/79.jpg,GB
male,mr,gilbert,burns,4330 school lane,exeter,borders,FC9A 4ED,-16.1176,2.3793,-9:00,Alaska,gilbert.burns@example.com,b312b6f9-503b-4f5b-8297-aacf9a7b5845,orangesnake484,salsero,T5MHnJFi,5e7ef4cecb44d444354e54fa1d9ef026,8989f670dff3cbb019207e3b303c9f19efcb32ce,063da975b7662e78bd8563383a988b8901d8686c714e825b828d45f9cd79701e,1992-01-23T01:47:00Z,26,2003-01-03T08:23:19Z,15,017683 81199,0772-637-632,NINO,JW 42 03 14 D,https://randomuser.me/api/portraits/men/70.jpg,https://randomuser.me/api/portraits/med/men/70.jpg,https://randomuser.me/api/portraits/thumb/men/70.jpg,GB
male,mr,aiden,arnold,1461 main road,york,humberside,O5 7AQ,-28.6203,-94.5083,0:00,Western Europe Time, London, Lisbon, Casablanca,aiden.arnold@example.com,a7cb872f-96e9-417d-8cee-38a0922f0b4e,whitefrog899,loverboy,XQe9OTcN,0541d84f14cfd89fcf5f1a863e6cda5c,1150278bdde0182b49a4d63203be3765ed7d402f,3da0f66c71d82caf3b38c45d16dff5f30ced8e88bc4174d739ca63ba7e905a63,1956-02-06T15:10:17Z,62,2002-09-25T23:46:29Z,16,01801 754260,0750-301-122,NINO,HT 27 81 60 V,https://randomuser.me/api/portraits/men/87.jpg,https://randomuser.me/api/portraits/med/men/87.jpg,https://randomuser.me/api/portraits/thumb/men/87.jpg,GB
female,ms,claudia,harrison,4572 avondale ave,modesto,indiana,99721,53.8228,124.5230,-11:00,Midway Island, Samoa,claudia.harrison@example.com,a7e93f16-3764-4520-8d5a-a53457ad5157,blackfrog493,flower2,8sp7AfYw,c2035425e75d70ba72ffc29d2381a7f7,ea2a20f0817c79acd0a49ff652d7fcea48c68495,41f0af6fba8ed3ef41aabf91aceb0b2036c5d42f3e832471efb4a62b0b7fb06c,1972-06-11T20:48:35Z,46,2007-04-17T11:44:08Z,11,(134)-673-9361,(174)-531-6820,SSN,277-40-1388,https://randomuser.me/api/portraits/women/42.jpg,https://randomuser.me/api/portraits/med/women/42.jpg,https://randomuser.me/api/portraits/thumb/women/42.jpg,US
female,miss,abby,hart,7267 broadway,peterborough,rutland,R9 3FA,53.2333,7.5213,+9:00,Tokyo, Seoul, Osaka, Sapporo, Yakutsk,abby.hart@example.com,45efaf38-8989-41ba-aea7-894dd3bb852a,blueelephant600,jagger,USYluSiu,b4c7d3a99538586417964f2c31f51c93,0508366e8eb11f49d5bcba3edf5060813fbb615b,bf8c913e4532c03bbb8fb4af7570390a3b28836f62ae7315302bb2bae9887c14,1954-05-14T10:32:51Z,64,2011-01-07T05:48:07Z,7,016973 56917,0789-835-186,NINO,WY 33 03 09 D,https://randomuser.me/api/portraits/women/67.jpg,https://randomuser.me/api/portraits/med/women/67.jpg,https://randomuser.me/api/portraits/thumb/women/67.jpg,GB
female,miss,frances,nichols,9078 wycliff ave,bueblo,maine,83661,-45.9680,159.5359,+7:00,Bangkok, Hanoi, Jakarta,frances.nichols@example.com,70fe40bf-fbdf-4a8b-8900-b3c0b186e9fa,whitedog689,felicia,SkQdFXdT,b90297a2880e672331ac54e835811c62,e0bfdc2378c840f2de4be555e2d99954e6c20cb8,75b3e68448e5c3ce5b87e7bfa0f6b7a35833cd05099c669c783f93982321dbc6,1988-07-27T04:55:12Z,30,2011-11-06T09:32:19Z,7,(868)-725-4494,(873)-381-4280,SSN,121-39-3283,https://randomuser.me/api/portraits/women/17.jpg,https://randomuser.me/api/portraits/med/women/17.jpg,https://randomuser.me/api/portraits/thumb/women/17.jpg,US
female,miss,susanna,hunter,4031 george street,preston,tyne and wear,V2Q 2GH,-80.8257,49.7943,+1:00,Brussels, Copenhagen, Madrid, Paris,susanna.hunter@example.com,98744d3a-f9c5-4810-ac6c-964a6ba260da,heavygoose520,squall,ppkX4j8E,e06866a80d5bf2322fc4329bae1757fb,88e5186025c26f5bc30e4db439b141c8ddfb4a0c,6c87b4bad3e2b4c741c4e5e1c96ba5d1d1f548610cc364239dca408f4bafc4e4,1975-03-25T07:35:49Z,43,2018-02-19T16:43:07Z,0,016977 2977,0707-289-582,NINO,TC 04 34 11 A,https://randomuser.me/api/portraits/women/15.jpg,https://randomuser.me/api/portraits/med/women/15.jpg,https://randomuser.me/api/portraits/thumb/women/15.jpg,GB
male,mr,lawrence,gregory,2153 ranchview dr,high point,wyoming,55580,82.0154,30.6439,+9:00,Tokyo, Seoul, Osaka, Sapporo, Yakutsk,lawrence.gregory@example.com,d1ce2598-5d24-4d3d-8158-dbaad83c59e6,angrydog244,maximus,b9f2U61C,45319b731268cd01963a9b8ee5eba6ed,b066ce559405ba67ca53a2e17cac2b55fe81bbe4,d10f779b4812b9dc91a2432fbffd1182db6a2de32ff0fc55edc36235c93889b2,1974-05-07T22:53:31Z,44,2004-03-30T20:04:39Z,14,(591)-204-8982,(304)-213-8372,SSN,615-24-5593,https://randomuser.me/api/portraits/men/72.jpg,https://randomuser.me/api/portraits/med/men/72.jpg,https://randomuser.me/api/portraits/thumb/men/72.jpg,US
female,miss,sylvia,mckinney,8332 harrison ct,shreveport,rhode island,92179,12.9987,119.3589,+11:00,Magadan, Solomon Islands, New Caledonia,sylvia.mckinney@example.com,cea1713a-4ae2-4e1f-a1a0-6bd1348d628e,angryduck887,deadhead,aFlqft0I,3bc7328c3284210758d61509718e97cb,3a7d20778364926bc88a46267ea191bfa2afed2b,1f047a1ca54f79464a4f1ef110cdbc24e7173413678ff5aee16e9175500eeac0,1969-08-27T00:10:44Z,49,2013-12-26T17:23:26Z,4,(663)-257-3940,(079)-279-3585,SSN,014-27-9053,https://randomuser.me/api/portraits/women/67.jpg,https://randomuser.me/api/portraits/med/women/67.jpg,https://randomuser.me/api/portraits/thumb/women/67.jpg,US
female,miss,sofia,cox,4696 grange road,leicester,fife,UR8Z 9TL,-22.4981,53.7157,-12:00,Eniwetok, Kwajalein,sofia.cox@example.com,825ea64c-fcef-44c4-b99a-d36057f075c4,silverladybug443,484848,W7SDX7Pl,3c705765709343ca5903354b79f8d985,c149f7954e7e2457b27e91a7350d187c47e00bfc,a6e67c43b4bc7b519656ce1ae7c1a92582c03eba5ee41a1972d56d46713cf708,1977-12-05T05:57:59Z,40,2010-12-26T23:03:17Z,7,019467 49103,0714-868-733,NINO,TY 90 79 14 K,https://randomuser.me/api/portraits/women/85.jpg,https://randomuser.me/api/portraits/med/women/85.jpg,https://randomuser.me/api/portraits/thumb/women/85.jpg,GB
male,mr,bernard,sanders,9461 green rd,albany,new mexico,31934,-0.7894,-128.4158,-6:00,Central Time (US & Canada), Mexico City,bernard.sanders@example.com,e057b808-174e-40a1-886e-10af3458b46f,silvergorilla811,bears,lLoOHfBw,9e2020eeaf3deb4e71dc9a80d388ce4d,c0184ab3a4444b2a888a33297f685ea6e2aff653,29127c7f4191f8479fbf8e8d165d1170323ce1f1c7980bd21021ad5586a7e412,1961-02-20T01:31:49Z,57,2008-03-25T01:01:45Z,10,(081)-848-6144,(016)-710-7991,SSN,770-35-9098,https://randomuser.me/api/portraits/men/45.jpg,https://randomuser.me/api/portraits/med/men/45.jpg,https://randomuser.me/api/portraits/thumb/men/45.jpg,US
male,mr,thomas,beck,269 oaks cross,newcastle upon tyne,mid glamorgan,O2C 5YQ,-21.7458,-47.0755,-9:00,Alaska,thomas.beck@example.com,231dbc02-aeab-4954-a4bd-183348d4d249,purplemeercat461,flash,vezXxYps,cfd322d57cfb33f0f07360a0c33727e3,fdce8c805e29545cf8e1c73148c9fb30c665f968,05b843e8440d12396a572185c869fea8567f3c27262590e90174a03ab8e5c008,1949-12-26T10:15:45Z,68,2014-12-19T21:49:55Z,3,017684 84098,0764-335-378,NINO,JT 28 68 83 A,https://randomuser.me/api/portraits/men/96.jpg,https://randomuser.me/api/portraits/med/men/96.jpg,https://randomuser.me/api/portraits/thumb/men/96.jpg,GB
female,mrs,suzanne,thompson,6663 station road,norwich,kent,FR5K 3RN,-31.5711,-88.7042,-8:00,Pacific Time (US & Canada),suzanne.thompson@example.com,997e0c53-de1b-4d66-a2d3-e3fa998003b1,bluegoose720,102938,bwcxfWV8,1a62c560e5bf16aba82b2a0637ec6afc,a990597f5fc453059660f7c7b7c73e78936c06ac,a1539cd01415ca3882264cb7a95f5325db1ff75b522613ac53d3e6e40ee3214c,1972-06-16T20:52:23Z,46,2008-03-19T12:37:43Z,10,026 5471 2418,0722-649-180,NINO,GH 50 48 96 O,https://randomuser.me/api/portraits/women/62.jpg,https://randomuser.me/api/portraits/med/women/62.jpg,https://randomuser.me/api/portraits/thumb/women/62.jpg,GB
male,mr,lonnie,peterson,9078 harrison ct,stockton,kentucky,29785,-11.0956,-154.0801,-1:00,Azores, Cape Verde Islands,lonnie.peterson@example.com,cf4362ac-c5ef-4f18-a66d-4ac921f9f964,blueostrich211,hero,LGgdW6uc,8818b66c77c821092e6ef1ffbcc9cdfd,6c6ed9b6515a779aa8ce4dc723d5887e2e8f58c9,5f10605e91f5152fc063318aecb874facda3f046235189205fe50fe5ba31b1f4,1983-03-05T22:50:48Z,35,2006-12-23T04:06:18Z,11,(451)-921-7914,(308)-734-4072,SSN,679-22-6002,https://randomuser.me/api/portraits/men/51.jpg,https://randomuser.me/api/portraits/med/men/51.jpg,https://randomuser.me/api/portraits/thumb/men/51.jpg,US
male,mr,gilbert,nichols,9312 victoria road,salisbury,cornwall,YK0 5FD,-89.7275,-82.5839,+7:00,Bangkok, Hanoi, Jakarta,gilbert.nichols@example.com,ac16c0c6-ce5b-4910-af5b-9370345cc635,silverfrog102,freeway,UpO7D8B0,2019324bf61dcaa7a5b238eb3399a089,85a7337f1879dbef2b7b0f8609807b30c7765b84,cabb25a7a8188647b6d246b9a617a3ada9b6a71bba8fd6feece2f546149b422a,1979-03-24T20:10:31Z,39,2005-04-10T04:16:45Z,13,019467 29930,0713-880-214,NINO,JN 01 82 15 R,https://randomuser.me/api/portraits/men/98.jpg,https://randomuser.me/api/portraits/med/men/98.jpg,https://randomuser.me/api/portraits/thumb/men/98.jpg,GB
